{
  "k5_params": {
    "sigma_obs": 0.0,
    "sigma_prior": 1.5,
    "match_threshold": 2.0,
    "epsilon": 0.1
  },
  "k5_metrics": {
    "mean_gradient_error": 0.004066108049310235,
    "by_k": {
      "5": {
        "gradient_error": 0.004066108049310235,
        "log_likelihood": -18086.56274665892,
        "accuracy": 0.5570618417499325
      }
    },
    "optimizer_success": true
  },
  "unified_params": {
    "sigma_obs": 0.0,
    "sigma_prior": 1.5,
    "match_threshold": 2.0,
    "epsilon": 0.1
  },
  "unified_metrics": {
    "mean_gradient_error": 0.027541343208057126,
    "by_k": {
      "1": {
        "gradient_error": 0.06397712069884637,
        "log_likelihood": -25988.934079036117,
        "accuracy": 0.5405347015933027
      },
      "2": {
        "gradient_error": 0.031167654575265435,
        "log_likelihood": -22081.729215696454,
        "accuracy": 0.5482041587901701
      },
      "3": {
        "gradient_error": 0.03832474190131524,
        "log_likelihood": -20623.07179623097,
        "accuracy": 0.5529030515798001
      },
      "4": {
        "gradient_error": 0.011814354242242364,
        "log_likelihood": -18797.217228826135,
        "accuracy": 0.5541452876046449
      },
      "5": {
        "gradient_error": 0.004066108049310235,
        "log_likelihood": -18086.56274665892,
        "accuracy": 0.5570618417499325
      },
      "6": {
        "gradient_error": 0.004701433957971124,
        "log_likelihood": -17346.92232534662,
        "accuracy": 0.5585201188225762
      },
      "8": {
        "gradient_error": 0.005609093488610772,
        "log_likelihood": -16500.097598575056,
        "accuracy": 0.5589522009181744
      },
      "10": {
        "gradient_error": 0.012860773385919122,
        "log_likelihood": -15702.357007704675,
        "accuracy": 0.5604644882527681
      },
      "15": {
        "gradient_error": 0.02247577744857171,
        "log_likelihood": -14657.397441037,
        "accuracy": 0.5613286524439643
      },
      "20": {
        "gradient_error": 0.030021427453912286,
        "log_likelihood": -14135.459671393037,
        "accuracy": 0.5608965703483662
      },
      "35": {
        "gradient_error": 0.07793629008666375,
        "log_likelihood": -13527.17956059426,
        "accuracy": 0.5596003240615717
      }
    },
    "optimizer_success": true
  },
  "k_values": [
    1,
    2,
    3,
    4,
    5,
    6,
    8,
    10,
    15,
    20,
    35
  ],
  "human_rates": {
    "observed_high": 0.7943548387096774,
    "observed_low": 0.18861209964412812,
    "same_domain_high": 0.5997983870967742,
    "same_domain_low": 0.41725978647686834,
    "different_domain_high": 0.5325268817204301,
    "different_domain_low": 0.46963226571767497
  },
  "data_subset": "no-chat"
}